-1.851431437439803318e-01,1.717485413137586903e-01,1.727978456372498625e-02,5.613884889286681334e-02,4.300999999999999823e-01
1.298218907070869399e-01,1.878801042571676405e-01,2.597402597402594104e-02,6.186551135424889214e-02,3.467000000000000082e-01
-1.054774675088243630e-01,-1.349862258953167526e-01,-3.612974780596339328e-04,5.649176560704711331e-02,3.403999999999999804e-01
-1.156500092852453809e-01,1.474166121648135541e-01,2.062374245472833878e-02,5.302397619083770025e-02,2.923000000000000043e-01
1.258536603350577376e-01,1.913902497791341861e-01,2.522469928607038586e-02,3.630667693962697645e-02,3.929999999999999605e-01
5.442325442988360518e-01,4.732676749912064218e-01,1.053348972845660758e-02,1.990875155537121660e-02,3.864000000000000212e-01
-1.644580485177088436e-01,8.610681114551088644e-02,2.738892270237370391e-02,6.130529765155665750e-02,3.228999999999999648e-01
-5.868042013480945229e-01,8.610681114551088644e-02,2.738892270237370391e-02,6.130529765155665750e-02,3.228999999999999648e-01
-7.388713931007584446e-02,5.752388535031847938e-02,1.062874502761034477e-02,7.294595827630538654e-02,4.320000000000000506e-01
4.404420867835290299e-01,1.673819742489269513e-01,2.560975609756090468e-02,6.873453764645473529e-02,3.659000000000000585e-01
1.286054987351721302e-01,4.732676749912064218e-01,1.235192778301468994e-02,1.836538575614862084e-02,3.864000000000000212e-01
1.025204503473704509e-01,-4.001696147322510999e-01,3.936889774827516397e-02,6.840504007890746418e-02,3.409000000000000363e-01
3.298842221841216116e-01,1.474166121648135541e-01,4.318766066838049256e-02,5.188875692184288790e-02,2.923000000000000043e-01
1.779793978902317608e-01,3.940273745333839131e-03,2.651398193021780800e-02,1.011719013088475394e-01,2.751000000000000112e-01
-1.151979802419575982e-01,2.375205704882064339e-01,3.051771117166209371e-02,4.692219910048994053e-02,3.268999999999999684e-01
6.142496366230409954e-01,1.913902497791341861e-01,2.359711403972918412e-02,4.220888427126692766e-02,3.929999999999999605e-01
-8.495044836239229458e-02,-4.001696147322510999e-01,5.600122900253957925e-02,6.201093585122856994e-02,3.409000000000000363e-01
1.230421382778181361e+00,1.878801042571676405e-01,2.320441988950270110e-02,8.093254144136158290e-02,3.467000000000000082e-01
1.236681309076352875e-01,1.474166121648135541e-01,1.305220883534148092e-02,5.191645003325071062e-02,2.923000000000000043e-01
3.534255440394953318e-01,5.752388535031847938e-02,1.062874502761034477e-02,7.294595827630538654e-02,4.320000000000000506e-01
5.467852435307474224e-01,8.366040074364809731e-02,1.754416545376890832e-02,7.264871180226811775e-02,3.228000000000000314e-01
2.166657352747725085e-01,1.512474632923481166e-01,2.107584628658160444e-02,4.581161095515552673e-02,2.703999999999999737e-01
9.382819328595704000e-02,3.940273745333839131e-03,2.925216712150855575e-02,1.054641765087016708e-01,2.751000000000000112e-01
2.277718445333598574e-01,1.878801042571676405e-01,2.109938922820661644e-02,8.416135118138524940e-02,3.467000000000000082e-01
-7.971873280779306903e-03,4.732676749912064218e-01,1.235192778301468994e-02,1.836538575614862084e-02,3.864000000000000212e-01
5.110970071050835450e-01,8.366040074364809731e-02,1.754416545376890832e-02,7.264871180226811775e-02,3.228000000000000314e-01
9.975255450081132125e+00,1.474166121648135541e-01,4.318766066838049256e-02,5.188875692184288790e-02,2.923000000000000043e-01
-1.838445946866474889e-01,1.850707850707850044e-01,1.067415730337081814e-02,6.969174432797935193e-02,4.050999999999999601e-01
2.365664287791669551e+01,1.295803782505909330e-01,4.347826086956512598e-02,4.137876760840476092e-02,2.808999999999999830e-01
8.419792363191391793e-02,-1.349862258953167526e-01,-7.363739086642710156e-04,6.559433666382902262e-02,3.403999999999999804e-01
-3.952774209664250415e-01,1.295803782505909330e-01,3.641160949868076785e-02,4.250146967698883310e-02,2.808999999999999830e-01
-3.734505957747041860e-01,1.878801042571676405e-01,2.224694104560622637e-02,6.875613569428785932e-02,3.467000000000000082e-01
1.560900468579637934e-01,8.366040074364809731e-02,1.361965058851683126e-02,7.001059696220424122e-02,3.228000000000000314e-01
1.609164035588626085e-01,8.366040074364809731e-02,1.594864668122563875e-02,8.059557228203301227e-02,3.228000000000000314e-01
1.935409580296877152e+00,1.484548576045243706e-01,1.838295869130281840e-02,6.447887111758360268e-02,5.745999999999999996e-01
1.443041168247597650e+00,1.512474632923481166e-01,3.771208179119780318e-02,9.462616822429910368e-02,2.703999999999999737e-01
-2.248916238452558503e-01,1.850707850707850044e-01,1.464788732394363066e-02,7.307432758122048289e-02,4.050999999999999601e-01
8.419733031499994080e-01,1.913902497791341861e-01,2.276972194198989899e-02,3.916330939452329629e-02,3.929999999999999605e-01
1.201560270663621921e+00,-3.078567610903260587e-01,3.533568904593639010e-02,6.623831276949990188e-02,2.862999999999999989e-01
-1.474746629941608989e-01,1.295803782505909330e-01,2.530311017395894466e-02,3.529167531658708445e-02,2.808999999999999830e-01
6.032685613097326094e-01,1.071292413267250776e-01,1.322355182370895353e-02,5.482764284019794876e-02,3.326000000000000068e-01
5.820312647477048351e-01,-1.349862258953167526e-01,-1.995174461766945160e-03,6.177282850779506479e-02,3.403999999999999804e-01
5.630241975221943473e-01,1.071292413267250776e-01,1.952857898516755647e-02,5.832327651229449877e-02,3.326000000000000068e-01
-3.156985355190219389e-01,1.850707850707850044e-01,2.025886325267317253e-02,6.231509568213295519e-02,4.050999999999999601e-01
-2.406459530329678742e-01,-4.001696147322510999e-01,5.021790047611730812e-02,6.435964223205302426e-02,3.409000000000000363e-01
4.360243736362909850e-01,1.071292413267250776e-01,1.322355182370895353e-02,5.482764284019794876e-02,3.326000000000000068e-01
1.084366592396905915e-01,1.071292413267250776e-01,1.699611334162826753e-02,6.495918575819767393e-02,3.326000000000000068e-01
1.047796983728133124e-01,5.752388535031847938e-02,1.373086813830994880e-02,5.686096659364731770e-02,4.320000000000000506e-01
6.343214168315511881e-01,5.752388535031847938e-02,1.692537162503790146e-02,7.033033326811458097e-02,4.320000000000000506e-01
1.623853712188518816e-01,1.850707850707850044e-01,1.181767023072607080e-02,7.453076833027666437e-02,4.050999999999999601e-01
2.032722248488496586e-01,1.673819742489269513e-01,1.605929586164295264e-02,8.647957301325734369e-02,3.659000000000000585e-01
6.242661032174900981e-01,1.878801042571676405e-01,2.320441988950270110e-02,8.093254144136158290e-02,3.467000000000000082e-01
3.256146125022474358e-02,1.913902497791341861e-01,2.176601032152398335e-02,3.212100118912961100e-02,3.929999999999999605e-01
-2.065832126422368908e-01,3.940273745333839131e-03,2.925216712150855575e-02,1.054641765087016708e-01,2.751000000000000112e-01
3.802437558825706443e-01,-1.349862258953167526e-01,-2.512980181530767034e-04,6.444876503204435836e-02,3.403999999999999804e-01
2.724850911762344285e-01,1.071292413267250776e-01,2.072341373167054315e-02,6.802880778223270586e-02,3.326000000000000068e-01
-3.610796464215247914e-01,1.850707850707850044e-01,1.464788732394363066e-02,7.307432758122048289e-02,4.050999999999999601e-01
3.719858598232583802e-02,5.752388535031847938e-02,1.125110418894418977e-02,6.148476305544377934e-02,4.320000000000000506e-01
1.376365130985601759e-02,3.940273745333839131e-03,2.651398193021780800e-02,1.011719013088475394e-01,2.751000000000000112e-01
1.169080548291860477e+00,2.375205704882064339e-01,1.693063899508462367e-02,4.846337730235440733e-02,3.268999999999999684e-01
2.936877512579674221e-01,1.878801042571676405e-01,2.320441988950270110e-02,8.093254144136158290e-02,3.467000000000000082e-01
-2.897087730093016456e-01,-5.905152758777921368e-02,2.075642965204228460e-02,5.988050784167283508e-02,2.855000000000000315e-01
-1.345315221516275583e-01,8.610681114551088644e-02,3.757575757575750547e-02,5.877969469785931933e-02,3.228999999999999648e-01
4.522124251771788561e-01,1.913902497791341861e-01,2.462743943334802163e-02,4.139769334435285802e-02,3.929999999999999605e-01
1.856263787421721378e-01,1.850707850707850044e-01,1.475595913734405705e-02,8.775437485153203543e-02,4.050999999999999601e-01
2.113808652061595073e-01,1.474166121648135541e-01,4.145342886386895603e-02,5.322855432597119879e-02,2.923000000000000043e-01
3.487255248013547693e-01,1.071292413267250776e-01,1.322355182370895353e-02,5.482764284019794876e-02,3.326000000000000068e-01
1.269395896212939245e+00,1.850707850707850044e-01,1.142204454597372902e-02,9.855604404468998325e-02,4.050999999999999601e-01
2.347484125082746065e-01,1.474166121648135541e-01,1.973684210526318802e-02,5.493992592369532912e-02,2.923000000000000043e-01
3.608772735732177495e-01,1.512474632923481166e-01,1.631846857448763025e-02,4.129776052270248132e-02,2.703999999999999737e-01
5.128735144301073134e-01,-1.349862258953167526e-01,1.705744357355553492e-03,5.390882301958745126e-02,3.403999999999999804e-01
4.518506372039188257e-01,1.850707850707850044e-01,1.137656427758816820e-02,9.553744819716125658e-02,4.050999999999999601e-01
2.112177986970109611e-01,-5.905152758777921368e-02,2.687037949728929634e-02,6.402228902412206157e-02,2.855000000000000315e-01
1.122576709237772086e+00,1.878801042571676405e-01,1.765030336458901436e-02,5.597210113339145393e-02,3.467000000000000082e-01
1.433909528480068474e-01,4.732676749912064218e-01,1.235192778301468994e-02,1.836538575614862084e-02,3.864000000000000212e-01
9.621424847288604365e-01,1.850707850707850044e-01,1.142204454597372902e-02,9.855604404468998325e-02,4.050999999999999601e-01
1.102630456759150501e-01,1.295803782505909330e-01,2.802749867794823713e-02,3.613105924596059226e-02,2.808999999999999830e-01
3.284696890444918083e-01,1.673819742489269513e-01,2.560975609756090468e-02,6.873453764645473529e-02,3.659000000000000585e-01
5.074759366920256198e-03,8.610681114551088644e-02,3.446226975638729678e-02,5.712797360652887430e-02,3.228999999999999648e-01
2.643361969214919061e-01,1.673819742489269513e-01,2.144607843137254916e-02,7.326695026022486679e-02,3.659000000000000585e-01
2.234348992134249645e-01,1.474166121648135541e-01,3.597497393117819048e-02,4.702018708462394475e-02,2.923000000000000043e-01
-5.084160102155521610e-02,8.366040074364809731e-02,1.977923509749052525e-02,7.246777729964541670e-02,3.228000000000000314e-01
1.498639814541502524e-01,1.295803782505909330e-01,3.167898627243927873e-02,3.933829980697758216e-02,2.808999999999999830e-01
5.336591174392091297e-02,1.474166121648135541e-01,2.062374245472833878e-02,5.302397619083770025e-02,2.923000000000000043e-01
4.509044771581440791e-01,-5.905152758777921368e-02,2.075642965204228460e-02,5.988050784167283508e-02,2.855000000000000315e-01
1.205603809687838535e-01,1.295803782505909330e-01,4.347826086956512598e-02,4.137876760840476092e-02,2.808999999999999830e-01
6.036214931113885740e-01,1.913902497791341861e-01,2.801011714807561531e-02,3.706141161681522633e-02,3.929999999999999605e-01
5.725345991888319830e-01,1.484548576045243706e-01,1.838295869130281840e-02,6.447887111758360268e-02,5.745999999999999996e-01
3.789241944477119706e-01,1.878801042571676405e-01,2.040816326530605837e-02,6.749039376740588458e-02,3.467000000000000082e-01
-1.202708403235372980e-01,1.484548576045243706e-01,2.984650369527580560e-04,1.045654587530264468e-01,5.745999999999999996e-01
5.140070320183798280e-02,1.295803782505909330e-01,3.510638297872337166e-02,4.459455081478604782e-02,2.808999999999999830e-01
-6.097241769531777100e-01,1.484548576045243706e-01,-3.835562549173824731e-03,9.242704682392791082e-02,5.745999999999999996e-01
2.722466455132306340e-01,1.717485413137586903e-01,2.380612433440269446e-02,6.438652600760585987e-02,4.300999999999999823e-01
4.961460104093511347e-01,-5.905152758777921368e-02,2.690864197530870236e-02,6.261842859031421793e-02,2.855000000000000315e-01
4.174273010346483126e-01,1.913902497791341861e-01,2.276972194198989899e-02,3.916330939452329629e-02,3.929999999999999605e-01
1.671786714332502921e+00,1.474166121648135541e-01,3.545734840698872709e-02,4.954486950858312533e-02,2.923000000000000043e-01
4.484392874935274609e-01,1.717485413137586903e-01,1.938974212058184113e-02,5.568655343296052829e-02,4.300999999999999823e-01
-3.866683431077128086e-01,1.913902497791341861e-01,2.176601032152398335e-02,3.212100118912961100e-02,3.929999999999999605e-01
2.504410783459798395e-01,5.752388535031847938e-02,8.271388704987092319e-03,6.561999784363006794e-02,4.320000000000000506e-01
9.396294983062265516e-01,-4.001696147322510999e-01,3.936889774827516397e-02,6.840504007890746418e-02,3.409000000000000363e-01
6.017120306262224716e-02,8.610681114551088644e-02,3.411131059245970515e-02,5.771516618974242147e-02,3.228999999999999648e-01
-1.298727762951602527e-01,1.295803782505909330e-01,3.167898627243927873e-02,3.933829980697758216e-02,2.808999999999999830e-01
4.400315165018997554e-02,1.474166121648135541e-01,3.985317252228643553e-02,4.819013026052107462e-02,2.923000000000000043e-01
-1.188389805212104466e-01,1.913902497791341861e-01,2.276972194198989899e-02,3.916330939452329629e-02,3.929999999999999605e-01
1.112784348207651597e-01,8.610681114551088644e-02,3.221884498480249992e-02,6.051207751341321217e-02,3.228999999999999648e-01
-6.966815334959375328e-01,1.484548576045243706e-01,2.984650369527580560e-04,1.045654587530264468e-01,5.745999999999999996e-01
5.281190573745158101e-01,1.717485413137586903e-01,2.202582938683174396e-02,5.046042759975931380e-02,4.300999999999999823e-01
6.141080846948039351e-01,1.913902497791341861e-01,2.522469928607038586e-02,3.630667693962697645e-02,3.929999999999999605e-01
1.493599043273463600e-02,3.940273745333839131e-03,2.302739811298943479e-02,1.013552012691743415e-01,2.751000000000000112e-01
1.388241360719005613e+00,-5.905152758777921368e-02,2.687037949728929634e-02,6.402228902412206157e-02,2.855000000000000315e-01
4.084690856706272299e-01,1.717485413137586903e-01,1.938974212058184113e-02,5.568655343296052829e-02,4.300999999999999823e-01
3.567303306872555702e-01,-3.078567610903260587e-01,3.248259860788859504e-02,8.203354297693923880e-02,2.862999999999999989e-01
5.802810384661061249e-02,1.913902497791341861e-01,2.522469928607038586e-02,3.630667693962697645e-02,3.929999999999999605e-01
-2.615210541512550391e-01,-4.001696147322510999e-01,1.069574691807390412e-02,7.333045868592677485e-02,3.409000000000000363e-01
1.914347828484423975e-01,-4.001696147322510999e-01,3.981456231251698230e-02,6.949416670176473965e-02,3.409000000000000363e-01
-1.412482827675947128e-01,1.850707850707850044e-01,1.137656427758816820e-02,9.553744819716125658e-02,4.050999999999999601e-01
-3.781894111409944692e-01,1.878801042571676405e-01,2.980877390326199319e-02,6.260850496153202993e-02,3.467000000000000082e-01
4.184664045840753577e-01,1.717485413137586903e-01,2.199689878417295311e-02,6.161470848615150514e-02,4.300999999999999823e-01
1.607846896246094559e-01,1.913902497791341861e-01,2.462743943334802163e-02,4.139769334435285802e-02,3.929999999999999605e-01
9.498827002353538163e-01,1.295803782505909330e-01,4.686677198525542737e-02,4.192573607353616144e-02,2.808999999999999830e-01
3.032093078798474561e-01,1.512474632923481166e-01,3.163630859276461010e-02,5.082298246025986760e-02,2.703999999999999737e-01
5.522430203868207155e-01,1.850707850707850044e-01,1.142204454597372902e-02,9.855604404468998325e-02,4.050999999999999601e-01
4.033980661313578686e-01,8.610681114551088644e-02,2.738892270237370391e-02,6.130529765155665750e-02,3.228999999999999648e-01
3.503992169231078257e-01,1.071292413267250776e-01,1.578947368421050601e-02,5.106148122067965395e-02,3.326000000000000068e-01
1.177708970882822115e+00,1.512474632923481166e-01,3.628715982221081271e-02,7.643556974265158788e-02,2.703999999999999737e-01
-2.440984096417988525e-01,-4.001696147322510999e-01,3.981456231251698230e-02,6.949416670176473965e-02,3.409000000000000363e-01
-2.072474683617865354e-01,-4.001696147322510999e-01,5.371855115262345881e-02,6.156698613515827062e-02,3.409000000000000363e-01
1.678430407485898002e-01,8.366040074364809731e-02,1.594864668122563875e-02,8.059557228203301227e-02,3.228000000000000314e-01
1.076492222833902446e-01,4.732676749912064218e-01,1.143682658159272426e-02,2.965554040433987862e-02,3.864000000000000212e-01
8.116497694248843153e-01,-3.078567610903260587e-01,2.719907407407400751e-02,8.673936568717227624e-02,2.862999999999999989e-01
1.771047948887616297e-01,1.673819742489269513e-01,1.963190184049072931e-02,7.724880382775110854e-02,3.659000000000000585e-01
-8.622983378602966376e-02,1.850707850707850044e-01,1.137656427758816820e-02,9.553744819716125658e-02,4.050999999999999601e-01
3.688188868517408459e+00,8.610681114551088644e-02,3.659268146370740077e-02,5.788051902041551483e-02,3.228999999999999648e-01
-1.550138754944796471e-02,-4.001696147322510999e-01,3.936889774827516397e-02,6.840504007890746418e-02,3.409000000000000363e-01
3.969843381595654641e-01,-4.001696147322510999e-01,3.936889774827516397e-02,6.840504007890746418e-02,3.409000000000000363e-01
7.160483145189453502e-01,1.913902497791341861e-01,2.801011714807561531e-02,3.706141161681522633e-02,3.929999999999999605e-01
1.577349854459730860e-01,1.071292413267250776e-01,1.699611334162826753e-02,6.495918575819767393e-02,3.326000000000000068e-01
-9.384678663567846968e-02,-3.078567610903260587e-01,3.269118505545822589e-02,7.734678372446396333e-02,2.862999999999999989e-01
-2.443631066735996171e-02,1.913902497791341861e-01,2.359711403972918412e-02,4.220888427126692766e-02,3.929999999999999605e-01
2.990449310214267076e-01,8.610681114551088644e-02,3.068592057761746622e-02,6.454584260070526935e-02,3.228999999999999648e-01
-6.825882783233361284e-02,1.484548576045243706e-01,-7.368857152167125613e-03,8.570091149050144963e-02,5.745999999999999996e-01
1.998150988921252313e-01,1.512474632923481166e-01,3.525199921357398403e-02,9.723862034181972314e-02,2.703999999999999737e-01
6.814656044640710064e-03,1.512474632923481166e-01,3.868356841040298394e-02,9.911787737804583776e-02,2.703999999999999737e-01
-8.962450157097068271e-02,5.752388535031847938e-02,1.017799780165464484e-02,5.921052631578938019e-02,4.320000000000000506e-01
4.226641749668214043e-01,1.878801042571676405e-01,2.040816326530605837e-02,6.749039376740588458e-02,3.467000000000000082e-01
-3.355725579731108077e-01,5.752388535031847938e-02,9.973264945230831888e-03,6.618015012510425343e-02,4.320000000000000506e-01
-4.510322108950138853e-01,-3.078567610903260587e-01,3.533568904593639010e-02,6.623831276949990188e-02,2.862999999999999989e-01
5.606511406130729736e-01,-1.349862258953167526e-01,1.705744357355553492e-03,5.390882301958745126e-02,3.403999999999999804e-01
2.293450146162832048e-01,5.752388535031847938e-02,9.973264945230831888e-03,6.618015012510425343e-02,4.320000000000000506e-01
-2.022825334283326892e-01,-4.001696147322510999e-01,5.371855115262345881e-02,6.156698613515827062e-02,3.409000000000000363e-01
-1.012212805635924751e-01,-4.001696147322510999e-01,4.175543041803515126e-02,6.232893754665347341e-02,3.409000000000000363e-01
1.117845202134704063e-01,-5.905152758777921368e-02,2.690864197530870236e-02,6.261842859031421793e-02,2.855000000000000315e-01
-2.501520450561485198e-01,-4.001696147322510999e-01,3.936889774827516397e-02,6.840504007890746418e-02,3.409000000000000363e-01
6.126892355637587606e-01,1.717485413137586903e-01,2.737958171489310311e-02,6.346899998403296439e-02,4.300999999999999823e-01
-2.448135250604344115e-01,1.913902497791341861e-01,2.070507620275158223e-02,4.698550045003811043e-02,3.929999999999999605e-01
1.183193373714146901e+00,-5.905152758777921368e-02,2.415198792148971763e-02,5.763341757098257995e-02,2.855000000000000315e-01
9.231833369336215345e-01,1.717485413137586903e-01,2.737958171489310311e-02,6.346899998403296439e-02,4.300999999999999823e-01
1.928119403384276342e-01,4.732676749912064218e-01,1.143682658159272426e-02,2.965554040433987862e-02,3.864000000000000212e-01
1.129655190247398355e-01,8.366040074364809731e-02,9.636127046434048854e-03,6.321373889468591412e-02,3.228000000000000314e-01
2.471603566275981656e-02,1.512474632923481166e-01,3.394377590800853883e-02,9.760526225632930319e-02,2.703999999999999737e-01
-6.204134096144553467e-02,1.484548576045243706e-01,-2.097161353676055967e-02,8.765613709094653705e-02,5.745999999999999996e-01
2.639756165969386892e-02,1.512474632923481166e-01,2.107584628658160444e-02,4.581161095515552673e-02,2.703999999999999737e-01
7.155164190540284075e-01,-3.078567610903260587e-01,3.732227488151648731e-02,6.321025772974830925e-02,2.862999999999999989e-01
7.089252124325673421e-01,1.512474632923481166e-01,3.628715982221081271e-02,7.643556974265158788e-02,2.703999999999999737e-01
1.154579610388450917e-03,3.940273745333839131e-03,1.663993762238505716e-02,9.630758358729746282e-02,2.751000000000000112e-01
9.256441136700899186e-02,1.512474632923481166e-01,2.107584628658160444e-02,4.581161095515552673e-02,2.703999999999999737e-01
4.144092041232811940e-01,1.878801042571676405e-01,2.109938922820661644e-02,8.416135118138524940e-02,3.467000000000000082e-01
1.842212461334358231e+00,1.878801042571676405e-01,2.158273381294967264e-02,8.286044650004451007e-02,3.467000000000000082e-01
7.900867127848409943e-02,8.366040074364809731e-02,1.063085381489448610e-02,7.592895038497043947e-02,3.228000000000000314e-01
1.369142148083717370e-01,1.071292413267250776e-01,2.072341373167054315e-02,6.802880778223270586e-02,3.326000000000000068e-01
3.011419937391535129e-01,1.071292413267250776e-01,1.578947368421050601e-02,5.106148122067965395e-02,3.326000000000000068e-01
-7.740752662389797090e-01,1.484548576045243706e-01,2.361910880378661516e-03,9.567493258605194728e-02,5.745999999999999996e-01
-8.103487639417605859e-02,1.673819742489269513e-01,2.264381884944913562e-02,7.891799463272144988e-02,3.659000000000000585e-01
6.735695310963896176e-02,1.295803782505909330e-01,3.455497382198950002e-02,3.875508289020959674e-02,2.808999999999999830e-01
-8.571738769966030791e-02,1.512474632923481166e-01,3.558828252242334650e-02,5.227444373438675657e-02,2.703999999999999737e-01
2.603515222795760309e-02,5.752388535031847938e-02,1.125110418894418977e-02,6.148476305544377934e-02,4.320000000000000506e-01
6.741675698074651724e-01,2.375205704882064339e-01,2.285092491838949108e-02,5.011226780975699957e-02,3.268999999999999684e-01
-1.839771541079231465e-01,1.913902497791341861e-01,2.176601032152398335e-02,3.212100118912961100e-02,3.929999999999999605e-01
8.312645525010520231e-02,1.512474632923481166e-01,3.628715982221081271e-02,7.643556974265158788e-02,2.703999999999999737e-01
2.573991156703469230e+00,4.732676749912064218e-01,2.143331778145368335e-02,2.282543129448675809e-02,3.864000000000000212e-01
-7.761876218083940682e-02,1.295803782505909330e-01,3.148345784418359050e-02,4.933759707629063740e-02,2.808999999999999830e-01
5.780701515555866088e-01,-5.905152758777921368e-02,2.358230958230961641e-02,6.339167310298596258e-02,2.855000000000000315e-01
3.844165628717444161e-01,1.484548576045243706e-01,-1.828482774861201442e-03,6.702971798241180723e-02,5.745999999999999996e-01
1.920827501463866493e-01,-1.349862258953167526e-01,1.237712036854516154e-03,5.412153608102408808e-02,3.403999999999999804e-01
1.175410571462243148e-02,1.913902497791341861e-01,2.070507620275158223e-02,4.698550045003811043e-02,3.929999999999999605e-01
-8.313734961031526982e-02,5.752388535031847938e-02,1.017799780165464484e-02,5.921052631578938019e-02,4.320000000000000506e-01
6.000558602301953037e-02,8.366040074364809731e-02,1.361965058851683126e-02,7.001059696220424122e-02,3.228000000000000314e-01
9.709466781578972583e-01,3.940273745333839131e-03,2.925216712150855575e-02,1.054641765087016708e-01,2.751000000000000112e-01
-2.103789783455352058e-01,8.610681114551088644e-02,3.188929001203376357e-02,6.727883538633810945e-02,3.228999999999999648e-01
4.282840029373817803e-01,4.732676749912064218e-01,2.236447195648085320e-02,2.012024240101559572e-02,3.864000000000000212e-01
1.324681059044017672e+00,-5.905152758777921368e-02,2.690864197530870236e-02,6.261842859031421793e-02,2.855000000000000315e-01
-2.719825884911860614e-01,8.610681114551088644e-02,3.448275862068972408e-02,6.250136489703211895e-02,3.228999999999999648e-01
9.231701251465123104e-01,3.940273745333839131e-03,1.692378997550156999e-02,6.587275589885557836e-02,2.751000000000000112e-01
4.742059643549523251e-02,1.717485413137586903e-01,2.041128701976178961e-02,5.425370503762510371e-02,4.300999999999999823e-01
2.357945011873698871e-01,1.474166121648135541e-01,3.597497393117819048e-02,4.702018708462394475e-02,2.923000000000000043e-01
5.900056865232410352e-01,1.512474632923481166e-01,3.163630859276461010e-02,5.082298246025986760e-02,2.703999999999999737e-01
8.910169012289581580e-02,-5.905152758777921368e-02,1.970083374203038598e-02,6.378257653764160540e-02,2.855000000000000315e-01
4.893169032432214127e-01,4.732676749912064218e-01,1.148104561839195271e-02,2.383856565967588936e-02,3.864000000000000212e-01
-5.932896756471417454e-02,1.484548576045243706e-01,-3.835562549173824731e-03,9.242704682392791082e-02,5.745999999999999996e-01
1.031197261190289094e+00,1.717485413137586903e-01,2.041128701976178961e-02,5.425370503762510371e-02,4.300999999999999823e-01
1.301693421075786006e+00,2.375205704882064339e-01,1.693063899508462367e-02,4.846337730235440733e-02,3.268999999999999684e-01
1.929244585129239464e-01,2.375205704882064339e-01,3.189189189189192003e-02,4.907286627148586128e-02,3.268999999999999684e-01
4.585206672859554189e-03,1.071292413267250776e-01,1.992328635764309408e-02,6.329373781107983099e-02,3.326000000000000068e-01
-5.161491970866580736e-01,1.484548576045243706e-01,-2.097161353676055967e-02,8.765613709094653705e-02,5.745999999999999996e-01
5.825217454550473128e-01,1.717485413137586903e-01,2.737958171489310311e-02,6.346899998403296439e-02,4.300999999999999823e-01
1.304792219115462615e-01,1.717485413137586903e-01,2.232963865003226994e-02,5.341821201217833437e-02,4.300999999999999823e-01
-2.531843575609581398e-01,1.850707850707850044e-01,1.464788732394363066e-02,7.307432758122048289e-02,4.050999999999999601e-01
1.677542026814140552e-01,5.752388535031847938e-02,1.373086813830994880e-02,5.686096659364731770e-02,4.320000000000000506e-01
3.067861637036461975e-01,-1.349862258953167526e-01,1.705744357355553492e-03,5.390882301958745126e-02,3.403999999999999804e-01
5.160880453523608580e-02,1.295803782505909330e-01,3.167898627243927873e-02,3.933829980697758216e-02,2.808999999999999830e-01
1.002293098744514221e+00,1.913902497791341861e-01,2.276972194198989899e-02,3.916330939452329629e-02,3.929999999999999605e-01
5.440493666079626589e-01,1.512474632923481166e-01,3.568645784634565110e-02,5.433462562473717616e-02,2.703999999999999737e-01
-2.795316600334699642e-01,-1.349862258953167526e-01,1.950792930057340842e-03,5.124784178307964511e-02,3.403999999999999804e-01
3.667696614766939867e-01,1.878801042571676405e-01,1.765030336458901436e-02,5.597210113339145393e-02,3.467000000000000082e-01
5.288024480050257381e-02,1.071292413267250776e-01,1.512202875763086866e-02,6.166696792975186192e-02,3.326000000000000068e-01
1.730601909158135943e-01,-5.905152758777921368e-02,2.690864197530870236e-02,6.261842859031421793e-02,2.855000000000000315e-01
1.839271915803553092e-01,8.366040074364809731e-02,1.960681611844398292e-02,6.991533884429546042e-02,3.228000000000000314e-01
1.134845562355832982e+01,8.366040074364809731e-02,1.518367559543195786e-02,6.753179803907950751e-02,3.228000000000000314e-01
3.359882438649461900e-01,5.752388535031847938e-02,8.271388704987092319e-03,6.561999784363006794e-02,4.320000000000000506e-01
7.575422148231747421e-02,1.913902497791341861e-01,2.871547835316687336e-02,4.061003593220850055e-02,3.929999999999999605e-01
-3.899101973535784582e-01,-3.078567610903260587e-01,3.615160349854220495e-02,7.554455030007974081e-02,2.862999999999999989e-01
5.537867323399181529e-02,1.717485413137586903e-01,2.380612433440269446e-02,6.438652600760585987e-02,4.300999999999999823e-01
2.278785370487972362e+00,8.366040074364809731e-02,1.184925261552152720e-02,6.395886181739524057e-02,3.228000000000000314e-01
4.829825004990424553e-01,-1.349862258953167526e-01,-2.512980181530767034e-04,6.444876503204435836e-02,3.403999999999999804e-01
6.751852842372960684e-01,1.071292413267250776e-01,1.992328635764309408e-02,6.329373781107983099e-02,3.326000000000000068e-01
-3.763905670778533441e-02,1.474166121648135541e-01,1.973684210526318802e-02,5.493992592369532912e-02,2.923000000000000043e-01
3.601363651304116953e-01,1.071292413267250776e-01,1.992328635764309408e-02,6.329373781107983099e-02,3.326000000000000068e-01
-2.057191297245567485e-01,5.752388535031847938e-02,8.271388704987092319e-03,6.561999784363006794e-02,4.320000000000000506e-01
1.753679949298270202e-01,-5.905152758777921368e-02,2.358230958230961641e-02,6.339167310298596258e-02,2.855000000000000315e-01
1.177529888750115106e-01,2.375205704882064339e-01,3.266194882961349910e-02,4.929707267212934951e-02,3.268999999999999684e-01
1.693122834379039432e-01,-5.905152758777921368e-02,2.075642965204228460e-02,5.988050784167283508e-02,2.855000000000000315e-01
1.521986949420558233e+00,1.484548576045243706e-01,-2.097161353676055967e-02,8.765613709094653705e-02,5.745999999999999996e-01
-9.314006640303262863e-02,1.913902497791341861e-01,2.462743943334802163e-02,4.139769334435285802e-02,3.929999999999999605e-01
-1.765794191462721763e-02,5.752388535031847938e-02,1.373086813830994880e-02,5.686096659364731770e-02,4.320000000000000506e-01
2.599224239228408173e-01,1.717485413137586903e-01,2.500042209052998413e-02,7.045640398675406813e-02,4.300999999999999823e-01
7.799035505950890901e-02,1.913902497791341861e-01,2.276972194198989899e-02,3.916330939452329629e-02,3.929999999999999605e-01
9.074034429575883465e-02,8.366040074364809731e-02,1.594864668122563875e-02,8.059557228203301227e-02,3.228000000000000314e-01
-3.930333898099147572e-02,1.071292413267250776e-01,1.992328635764309408e-02,6.329373781107983099e-02,3.326000000000000068e-01
7.310192700642592634e-01,1.913902497791341861e-01,2.462743943334802163e-02,4.139769334435285802e-02,3.929999999999999605e-01
-2.102170051970362330e-01,1.717485413137586903e-01,2.199689878417295311e-02,6.161470848615150514e-02,4.300999999999999823e-01
3.940440625375112305e-01,-1.349862258953167526e-01,1.705744357355553492e-03,5.390882301958745126e-02,3.403999999999999804e-01
6.791572649939543460e-01,1.512474632923481166e-01,3.628715982221081271e-02,7.643556974265158788e-02,2.703999999999999737e-01
4.531264675794968166e-01,-5.905152758777921368e-02,2.075642965204228460e-02,5.988050784167283508e-02,2.855000000000000315e-01
-9.152415766728221325e-01,-4.001696147322510999e-01,1.069574691807390412e-02,7.333045868592677485e-02,3.409000000000000363e-01
3.872296452546311052e-01,1.913902497791341861e-01,2.871547835316687336e-02,4.061003593220850055e-02,3.929999999999999605e-01
-3.861295210002536615e-01,-4.001696147322510999e-01,5.600122900253957925e-02,6.201093585122856994e-02,3.409000000000000363e-01
3.275379588899023364e-01,1.512474632923481166e-01,2.681603264240853962e-02,4.747907064246086051e-02,2.703999999999999737e-01
3.403765126842273059e-01,1.474166121648135541e-01,1.305220883534148092e-02,5.191645003325071062e-02,2.923000000000000043e-01
-4.398124202757883738e-01,1.673819742489269513e-01,2.276923076923069791e-02,7.639291932675579266e-02,3.659000000000000585e-01
4.548248863140176290e-01,8.366040074364809731e-02,1.960681611844398292e-02,6.991533884429546042e-02,3.228000000000000314e-01
4.391747826113838737e-01,8.366040074364809731e-02,1.960681611844398292e-02,6.991533884429546042e-02,3.228000000000000314e-01
-8.771761784622778002e-02,5.752388535031847938e-02,1.125110418894418977e-02,6.148476305544377934e-02,4.320000000000000506e-01
1.810493103019545913e-01,-1.349862258953167526e-01,1.705744357355553492e-03,5.390882301958745126e-02,3.403999999999999804e-01
3.654349618346732775e-01,8.366040074364809731e-02,1.754416545376890832e-02,7.264871180226811775e-02,3.228000000000000314e-01
3.919856249674091853e-01,1.295803782505909330e-01,4.686677198525542737e-02,4.192573607353616144e-02,2.808999999999999830e-01
-1.876069454614114340e-01,8.366040074364809731e-02,1.594864668122563875e-02,8.059557228203301227e-02,3.228000000000000314e-01
-8.056309475011951271e-01,1.484548576045243706e-01,-1.426776043689868476e-02,9.263119731713943816e-02,5.745999999999999996e-01
-2.769337843751695782e-01,5.752388535031847938e-02,1.125110418894418977e-02,6.148476305544377934e-02,4.320000000000000506e-01
-2.537596303736222580e-02,4.732676749912064218e-01,1.148104561839195271e-02,2.383856565967588936e-02,3.864000000000000212e-01
-2.267575640942585125e-01,1.484548576045243706e-01,-1.484348611960604157e-02,8.445169327186093089e-02,5.745999999999999996e-01
7.597576854368504051e-02,5.752388535031847938e-02,1.019322554193564760e-02,6.904416512238271963e-02,4.320000000000000506e-01
-1.351539719627274927e-01,1.512474632923481166e-01,3.394377590800853883e-02,9.760526225632930319e-02,2.703999999999999737e-01
3.451105524342441555e-01,1.484548576045243706e-01,1.838295869130281840e-02,6.447887111758360268e-02,5.745999999999999996e-01
-2.168455579926888976e-01,1.850707850707850044e-01,1.802816901408444208e-02,7.650325545767905355e-02,4.050999999999999601e-01
-5.669628086833264913e-01,1.850707850707850044e-01,1.514301738642730502e-02,7.344041411334822911e-02,4.050999999999999601e-01
-5.528495405493950576e-01,1.850707850707850044e-01,1.475595913734405705e-02,8.775437485153203543e-02,4.050999999999999601e-01
4.223375059701219847e-01,1.512474632923481166e-01,3.771208179119780318e-02,9.462616822429910368e-02,2.703999999999999737e-01
5.677923704478688993e-01,8.366040074364809731e-02,1.473896212596777743e-02,7.149919978796925868e-02,3.228000000000000314e-01
-5.948486421996479478e-01,1.484548576045243706e-01,-3.835562549173824731e-03,9.242704682392791082e-02,5.745999999999999996e-01
4.845088608006018482e-01,8.366040074364809731e-02,1.754416545376890832e-02,7.264871180226811775e-02,3.228000000000000314e-01
-2.363126646978684908e-01,5.752388535031847938e-02,1.125110418894418977e-02,6.148476305544377934e-02,4.320000000000000506e-01
7.941181674995556605e-02,1.913902497791341861e-01,2.522469928607038586e-02,3.630667693962697645e-02,3.929999999999999605e-01
3.539219309442076522e-01,1.878801042571676405e-01,2.112284602556966512e-02,8.094548089114284029e-02,3.467000000000000082e-01
5.660166952806069407e-01,4.732676749912064218e-01,1.143160911570278992e-02,3.275150371506082431e-02,3.864000000000000212e-01
9.324998121515302163e-01,5.752388535031847938e-02,1.062874502761034477e-02,7.294595827630538654e-02,4.320000000000000506e-01
8.082774515814761251e-02,1.717485413137586903e-01,2.737958171489310311e-02,6.346899998403296439e-02,4.300999999999999823e-01
6.657129555574134994e-01,1.673819742489269513e-01,1.963190184049072931e-02,7.724880382775110854e-02,3.659000000000000585e-01
2.042104689637220805e-01,1.484548576045243706e-01,1.838295869130281840e-02,6.447887111758360268e-02,5.745999999999999996e-01
7.773384082924459371e-01,1.913902497791341861e-01,2.801011714807561531e-02,3.706141161681522633e-02,3.929999999999999605e-01
-2.262096806808159277e-01,1.913902497791341861e-01,2.176601032152398335e-02,3.212100118912961100e-02,3.929999999999999605e-01
4.550092622027235301e-02,4.732676749912064218e-01,1.172187605526961787e-02,3.303769138770145525e-02,3.864000000000000212e-01
1.295953900676434234e-01,1.295803782505909330e-01,4.347826086956512598e-02,4.137876760840476092e-02,2.808999999999999830e-01
1.754962526791616906e-01,1.071292413267250776e-01,1.657918675715038329e-02,6.166655885261195652e-02,3.326000000000000068e-01
2.010348486718545473e+02,1.717485413137586903e-01,2.202582938683174396e-02,5.046042759975931380e-02,4.300999999999999823e-01
-1.423521329894742449e-01,1.484548576045243706e-01,-1.426776043689868476e-02,9.263119731713943816e-02,5.745999999999999996e-01
6.945666593311949910e-02,1.071292413267250776e-01,2.072341373167054315e-02,6.802880778223270586e-02,3.326000000000000068e-01
1.171850064364803323e-01,-5.905152758777921368e-02,2.358230958230961641e-02,6.339167310298596258e-02,2.855000000000000315e-01
-8.679563128534517613e-02,-1.349862258953167526e-01,-1.995174461766945160e-03,6.177282850779506479e-02,3.403999999999999804e-01
3.012589802189975519e-01,1.512474632923481166e-01,2.107584628658160444e-02,4.581161095515552673e-02,2.703999999999999737e-01
-6.197334881193032885e-01,1.484548576045243706e-01,2.361910880378661516e-03,9.567493258605194728e-02,5.745999999999999996e-01
5.317340291810099817e-01,1.071292413267250776e-01,1.322355182370895353e-02,5.482764284019794876e-02,3.326000000000000068e-01
3.378845804297370137e-02,-5.905152758777921368e-02,3.536174430128838364e-02,6.439747697524400571e-02,2.855000000000000315e-01
4.998784813519996373e-01,1.717485413137586903e-01,1.874877720841360007e-02,6.074154254025771610e-02,4.300999999999999823e-01
5.626714236133070202e-01,1.484548576045243706e-01,-1.484348611960604157e-02,8.445169327186093089e-02,5.745999999999999996e-01
1.015526382069330769e+00,3.940273745333839131e-03,2.162343598871136266e-02,7.123754204884974461e-02,2.751000000000000112e-01
4.708508122697112608e-01,-5.905152758777921368e-02,2.687037949728929634e-02,6.402228902412206157e-02,2.855000000000000315e-01
8.005995136315768868e-02,-3.078567610903260587e-01,2.648244099021314357e-02,8.586307371205388617e-02,2.862999999999999989e-01
4.618304858772588339e-01,1.878801042571676405e-01,1.765030336458901436e-02,5.597210113339145393e-02,3.467000000000000082e-01
-3.751344513695855643e-01,-4.001696147322510999e-01,1.069574691807390412e-02,7.333045868592677485e-02,3.409000000000000363e-01
-6.452367733357182722e-01,-4.001696147322510999e-01,4.026555413048721332e-02,6.331960588640420107e-02,3.409000000000000363e-01
3.752375517445540876e-01,1.913902497791341861e-01,2.949515086647111831e-02,4.297041960824775353e-02,3.929999999999999605e-01
-3.988288096154635198e-02,5.752388535031847938e-02,1.125110418894418977e-02,6.148476305544377934e-02,4.320000000000000506e-01
-6.438054560528694292e-02,1.913902497791341861e-01,2.070507620275158223e-02,4.698550045003811043e-02,3.929999999999999605e-01
-1.553663317755351603e-01,1.850707850707850044e-01,1.514301738642730502e-02,7.344041411334822911e-02,4.050999999999999601e-01
2.292394493870355543e-01,-3.078567610903260587e-01,3.248259860788859504e-02,8.203354297693923880e-02,2.862999999999999989e-01
1.578184016623298547e+00,1.484548576045243706e-01,-1.828482774861201442e-03,6.702971798241180723e-02,5.745999999999999996e-01
-4.984643110932819310e-01,8.610681114551088644e-02,3.454437164979144020e-02,6.106652633425425913e-02,3.228999999999999648e-01
2.742884272233054865e-01,-1.349862258953167526e-01,-1.995174461766945160e-03,6.177282850779506479e-02,3.403999999999999804e-01
4.130527833245745128e-02,1.717485413137586903e-01,2.041128701976178961e-02,5.425370503762510371e-02,4.300999999999999823e-01
6.035407911500301203e-01,8.366040074364809731e-02,1.977923509749052525e-02,7.246777729964541670e-02,3.228000000000000314e-01
-2.626842596273182284e-02,1.878801042571676405e-01,1.765030336458901436e-02,5.597210113339145393e-02,3.467000000000000082e-01
-6.861982592148019311e-02,1.512474632923481166e-01,3.394377590800853883e-02,9.760526225632930319e-02,2.703999999999999737e-01
6.093755793694199951e-01,4.732676749912064218e-01,2.236447195648085320e-02,2.012024240101559572e-02,3.864000000000000212e-01
3.645953534939752050e-01,1.717485413137586903e-01,2.737958171489310311e-02,6.346899998403296439e-02,4.300999999999999823e-01
-6.626149770175626674e-02,3.940273745333839131e-03,2.871098780438216883e-02,1.007827126519748595e-01,2.751000000000000112e-01
1.629084082466720762e-01,-3.078567610903260587e-01,2.719907407407400751e-02,8.673936568717227624e-02,2.862999999999999989e-01
1.295792055111613106e-01,1.071292413267250776e-01,2.127111549936685705e-02,6.534492841108441308e-02,3.326000000000000068e-01
3.250334014364388846e-01,1.913902497791341861e-01,2.211795421238656884e-02,4.266260284667595937e-02,3.929999999999999605e-01
2.770737317533813471e-01,8.366040074364809731e-02,1.754416545376890832e-02,7.264871180226811775e-02,3.228000000000000314e-01
1.330907885011456404e-01,-4.001696147322510999e-01,4.175543041803515126e-02,6.232893754665347341e-02,3.409000000000000363e-01
-1.714650689516467041e-01,1.913902497791341861e-01,2.176601032152398335e-02,3.212100118912961100e-02,3.929999999999999605e-01
1.680451431165144172e-01,1.474166121648135541e-01,1.973684210526318802e-02,5.493992592369532912e-02,2.923000000000000043e-01
-4.450014077613274610e-01,3.940273745333839131e-03,1.704253774937600219e-02,9.742050526642230535e-02,2.751000000000000112e-01
2.202781884100706300e-01,8.366040074364809731e-02,1.754416545376890832e-02,7.264871180226811775e-02,3.228000000000000314e-01
1.304165182928786137e+00,1.484548576045243706e-01,1.838295869130281840e-02,6.447887111758360268e-02,5.745999999999999996e-01
6.819326285945879196e-01,1.071292413267250776e-01,1.512202875763086866e-02,6.166696792975186192e-02,3.326000000000000068e-01
4.116591812088168378e-01,1.717485413137586903e-01,2.500042209052998413e-02,7.045640398675406813e-02,4.300999999999999823e-01
2.557341398500838636e-01,-1.349862258953167526e-01,-7.363739086642710156e-04,6.559433666382902262e-02,3.403999999999999804e-01
1.882098405803005914e+00,4.732676749912064218e-01,2.313959446943945550e-02,2.196587358807969986e-02,3.864000000000000212e-01
2.527640720825141685e-01,1.673819742489269513e-01,2.088452088452074501e-02,7.582584391489767539e-02,3.659000000000000585e-01
-4.964190630869802501e-02,-3.078567610903260587e-01,3.533568904593639010e-02,6.623831276949990188e-02,2.862999999999999989e-01
6.707435459029753577e-01,1.071292413267250776e-01,1.664340215632038530e-02,5.830879722627342610e-02,3.326000000000000068e-01
2.118858048113494430e-01,1.474166121648135541e-01,4.318766066838049256e-02,5.188875692184288790e-02,2.923000000000000043e-01
1.237125451506708718e+00,2.375205704882064339e-01,3.051771117166209371e-02,4.692219910048994053e-02,3.268999999999999684e-01
1.553382763176220926e-01,1.295803782505909330e-01,2.802749867794823713e-02,3.613105924596059226e-02,2.808999999999999830e-01
-2.451844423394022865e-02,-5.905152758777921368e-02,2.690864197530870236e-02,6.261842859031421793e-02,2.855000000000000315e-01
2.252285167908043562e-01,1.850707850707850044e-01,1.475595913734405705e-02,8.775437485153203543e-02,4.050999999999999601e-01
-4.537486409100005558e-01,8.610681114551088644e-02,2.738892270237370391e-02,6.130529765155665750e-02,3.228999999999999648e-01
6.142195697746977157e-01,4.732676749912064218e-01,2.143331778145368335e-02,2.282543129448675809e-02,3.864000000000000212e-01
3.909916549434697686e-01,5.752388535031847938e-02,1.635987520917607518e-02,7.317434210526309324e-02,4.320000000000000506e-01
1.562375491620129342e+00,1.673819742489269513e-01,1.963190184049072931e-02,7.724880382775110854e-02,3.659000000000000585e-01
5.323869437968045126e-01,3.940273745333839131e-03,2.651398193021780800e-02,1.011719013088475394e-01,2.751000000000000112e-01
3.820000510928951432e-01,1.071292413267250776e-01,2.072341373167054315e-02,6.802880778223270586e-02,3.326000000000000068e-01
-1.991265929864032280e-01,1.673819742489269513e-01,2.264381884944913562e-02,7.891799463272144988e-02,3.659000000000000585e-01
-3.209137927636372956e-01,-4.001696147322510999e-01,5.371855115262345881e-02,6.156698613515827062e-02,3.409000000000000363e-01
8.534624291656771611e-01,1.512474632923481166e-01,3.628715982221081271e-02,7.643556974265158788e-02,2.703999999999999737e-01
-8.378989568671159072e-01,-4.001696147322510999e-01,1.069574691807390412e-02,7.333045868592677485e-02,3.409000000000000363e-01
1.043603043583174461e-01,1.474166121648135541e-01,3.818737270875763312e-02,5.088852988691446727e-02,2.923000000000000043e-01
1.133652872867595196e+00,-3.078567610903260587e-01,3.533568904593639010e-02,6.623831276949990188e-02,2.862999999999999989e-01
1.920081481895135056e-01,1.071292413267250776e-01,2.072341373167054315e-02,6.802880778223270586e-02,3.326000000000000068e-01
4.830551511592158231e-01,2.375205704882064339e-01,2.990755845568243351e-02,3.891347221531682443e-02,3.268999999999999684e-01
4.420136168956143585e-01,1.484548576045243706e-01,-1.426776043689868476e-02,9.263119731713943816e-02,5.745999999999999996e-01
7.381052170339161833e-01,1.717485413137586903e-01,2.199689878417295311e-02,6.161470848615150514e-02,4.300999999999999823e-01
7.007829437753161361e-01,1.512474632923481166e-01,3.558828252242334650e-02,5.227444373438675657e-02,2.703999999999999737e-01
5.774384992477124001e-01,5.752388535031847938e-02,1.125110418894418977e-02,6.148476305544377934e-02,4.320000000000000506e-01
6.642686308414595953e-01,1.071292413267250776e-01,1.699611334162826753e-02,6.495918575819767393e-02,3.326000000000000068e-01
6.567544697960965294e-01,1.913902497791341861e-01,2.801011714807561531e-02,3.706141161681522633e-02,3.929999999999999605e-01
-4.071866836870933204e-01,1.474166121648135541e-01,3.818737270875763312e-02,5.088852988691446727e-02,2.923000000000000043e-01
4.528448141977954311e-01,2.375205704882064339e-01,3.266194882961349910e-02,4.929707267212934951e-02,3.268999999999999684e-01
2.166111306546790960e+00,-3.078567610903260587e-01,2.126436781609188781e-02,9.769181756520670112e-02,2.862999999999999989e-01
1.352977687662744177e-01,1.717485413137586903e-01,1.874877720841360007e-02,6.074154254025771610e-02,4.300999999999999823e-01
3.350759144570427672e-01,2.375205704882064339e-01,2.285092491838949108e-02,5.011226780975699957e-02,3.268999999999999684e-01
2.987253410362407102e-01,1.673819742489269513e-01,1.670792079207931297e-02,8.367241251757040477e-02,3.659000000000000585e-01
1.053673653912414743e-01,-4.001696147322510999e-01,4.280294047901359727e-02,5.352386589438974662e-02,3.409000000000000363e-01
1.778244634205173202e+00,1.717485413137586903e-01,2.041128701976178961e-02,5.425370503762510371e-02,4.300999999999999823e-01
6.674919849113689629e-01,-5.905152758777921368e-02,2.075642965204228460e-02,5.988050784167283508e-02,2.855000000000000315e-01
1.282997364852462852e-01,3.940273745333839131e-03,2.871098780438216883e-02,1.007827126519748595e-01,2.751000000000000112e-01
4.949063192584952642e-01,1.878801042571676405e-01,2.040816326530605837e-02,6.749039376740588458e-02,3.467000000000000082e-01
3.121669603683689953e-01,1.512474632923481166e-01,1.631846857448763025e-02,4.129776052270248132e-02,2.703999999999999737e-01
7.101929717072619219e-02,3.940273745333839131e-03,2.925216712150855575e-02,1.054641765087016708e-01,2.751000000000000112e-01
5.356840584564614982e-01,1.474166121648135541e-01,1.973684210526318802e-02,5.493992592369532912e-02,2.923000000000000043e-01
6.894707427419828338e-01,1.717485413137586903e-01,2.737958171489310311e-02,6.346899998403296439e-02,4.300999999999999823e-01
3.379556272336081690e-01,-1.349862258953167526e-01,1.237712036854516154e-03,5.412153608102408808e-02,3.403999999999999804e-01
-7.620672554194212189e-01,1.484548576045243706e-01,-1.426776043689868476e-02,9.263119731713943816e-02,5.745999999999999996e-01
-2.550079112959768857e-01,1.850707850707850044e-01,1.802816901408444208e-02,7.650325545767905355e-02,4.050999999999999601e-01
1.841646381538717403e-01,5.752388535031847938e-02,1.125110418894418977e-02,6.148476305544377934e-02,4.320000000000000506e-01
3.040992521401790771e-01,1.295803782505909330e-01,3.007518796992493526e-02,5.386697285327641388e-02,2.808999999999999830e-01
1.122312350873369891e+00,1.913902497791341861e-01,2.949515086647111831e-02,4.297041960824775353e-02,3.929999999999999605e-01
1.128083320891519303e+00,1.512474632923481166e-01,3.163630859276461010e-02,5.082298246025986760e-02,2.703999999999999737e-01
6.730962542200862320e-01,1.717485413137586903e-01,2.232963865003226994e-02,5.341821201217833437e-02,4.300999999999999823e-01
-5.779914860741441895e-02,2.375205704882064339e-01,1.693063899508462367e-02,4.846337730235440733e-02,3.268999999999999684e-01
1.790876874962730181e-01,1.717485413137586903e-01,1.938974212058184113e-02,5.568655343296052829e-02,4.300999999999999823e-01
4.798109126052785278e-02,1.295803782505909330e-01,3.007518796992493526e-02,5.386697285327641388e-02,2.808999999999999830e-01
9.457507718855355794e-01,1.673819742489269513e-01,2.628361858190715952e-02,7.058851146740550975e-02,3.659000000000000585e-01
1.391742636033883596e-01,3.940273745333839131e-03,2.651398193021780800e-02,1.011719013088475394e-01,2.751000000000000112e-01
-2.847184269530650402e-01,1.295803782505909330e-01,2.802749867794823713e-02,3.613105924596059226e-02,2.808999999999999830e-01
1.387394508586909936e-01,1.071292413267250776e-01,1.992328635764309408e-02,6.329373781107983099e-02,3.326000000000000068e-01
1.758953865608172684e-01,-1.349862258953167526e-01,1.237712036854516154e-03,5.412153608102408808e-02,3.403999999999999804e-01
-3.350308908610359904e-01,-3.078567610903260587e-01,3.732227488151648731e-02,6.321025772974830925e-02,2.862999999999999989e-01
-1.802768944488135627e-01,1.850707850707850044e-01,1.475595913734405705e-02,8.775437485153203543e-02,4.050999999999999601e-01
-8.814175586320527334e-02,8.610681114551088644e-02,2.738892270237370391e-02,6.130529765155665750e-02,3.228999999999999648e-01
4.379619746644263234e-01,3.940273745333839131e-03,1.764133846085847931e-02,7.629481657198754208e-02,2.751000000000000112e-01
1.198837195025053148e-01,8.366040074364809731e-02,1.473896212596777743e-02,7.149919978796925868e-02,3.228000000000000314e-01
3.152936252429900943e-01,5.752388535031847938e-02,1.463783647481562561e-02,7.162983835088236606e-02,4.320000000000000506e-01
3.027848746679575598e+00,2.375205704882064339e-01,1.926252063841497192e-02,4.851062358453044066e-02,3.268999999999999684e-01
6.579591850452162216e-01,8.366040074364809731e-02,1.518367559543195786e-02,6.753179803907950751e-02,3.228000000000000314e-01
4.760041309779918794e-01,1.295803782505909330e-01,2.802749867794823713e-02,3.613105924596059226e-02,2.808999999999999830e-01
1.242492564803272526e-01,1.717485413137586903e-01,2.232963865003226994e-02,5.341821201217833437e-02,4.300999999999999823e-01
5.054092348297789528e-01,-1.349862258953167526e-01,1.950792930057340842e-03,5.124784178307964511e-02,3.403999999999999804e-01
-5.273428712763099657e-01,1.913902497791341861e-01,2.070507620275158223e-02,4.698550045003811043e-02,3.929999999999999605e-01
3.620305319430427993e-02,1.512474632923481166e-01,3.628715982221081271e-02,7.643556974265158788e-02,2.703999999999999737e-01
2.442945952189747860e-01,-3.078567610903260587e-01,3.732227488151648731e-02,6.321025772974830925e-02,2.862999999999999989e-01
7.001905109006265615e-01,1.512474632923481166e-01,3.628715982221081271e-02,7.643556974265158788e-02,2.703999999999999737e-01
6.951653626169695954e-01,5.752388535031847938e-02,1.019322554193564760e-02,6.904416512238271963e-02,4.320000000000000506e-01
5.222562451237517944e-01,-4.001696147322510999e-01,4.175543041803515126e-02,6.232893754665347341e-02,3.409000000000000363e-01
5.932627953936824294e-01,1.850707850707850044e-01,1.475595913734405705e-02,8.775437485153203543e-02,4.050999999999999601e-01
2.187418716610700642e-01,1.295803782505909330e-01,2.969762419006479609e-02,5.314184899998354583e-02,2.808999999999999830e-01
-2.967806589315191701e-02,3.940273745333839131e-03,1.663993762238505716e-02,9.630758358729746282e-02,2.751000000000000112e-01
5.813721343247169049e-01,4.732676749912064218e-01,1.148104561839195271e-02,2.383856565967588936e-02,3.864000000000000212e-01
1.390651752482028325e-01,4.732676749912064218e-01,1.143160911570278992e-02,3.275150371506082431e-02,3.864000000000000212e-01
6.498148866883801666e-01,5.752388535031847938e-02,1.635987520917607518e-02,7.317434210526309324e-02,4.320000000000000506e-01
1.261689162811020282e+00,-1.349862258953167526e-01,-1.995174461766945160e-03,6.177282850779506479e-02,3.403999999999999804e-01
1.199130696245924277e+00,1.913902497791341861e-01,2.522469928607038586e-02,3.630667693962697645e-02,3.929999999999999605e-01
-1.626914801612276973e-01,8.610681114551088644e-02,3.454437164979144020e-02,6.106652633425425913e-02,3.228999999999999648e-01
7.234566238701201080e-01,1.512474632923481166e-01,1.631846857448763025e-02,4.129776052270248132e-02,2.703999999999999737e-01
-6.070076673728804773e-01,1.295803782505909330e-01,3.007518796992493526e-02,5.386697285327641388e-02,2.808999999999999830e-01
9.853390128416228411e-01,2.375205704882064339e-01,2.654387865655474452e-02,3.393951341317159170e-02,3.268999999999999684e-01
-7.752440379165781437e-03,4.732676749912064218e-01,2.020986084093970986e-02,1.848195808853257682e-02,3.864000000000000212e-01
1.335390488075962612e-01,3.940273745333839131e-03,2.302739811298943479e-02,1.013552012691743415e-01,2.751000000000000112e-01
-3.434988012616803088e-01,1.673819742489269513e-01,1.726263871763262375e-02,7.901854243317639470e-02,3.659000000000000585e-01
-4.967357765022021310e-01,3.940273745333839131e-03,2.925216712150855575e-02,1.054641765087016708e-01,2.751000000000000112e-01
-1.074105819669515238e-01,4.732676749912064218e-01,1.172187605526961787e-02,3.303769138770145525e-02,3.864000000000000212e-01
1.084676130988544429e-01,-5.905152758777921368e-02,2.573697270471467582e-02,6.354717650187648170e-02,2.855000000000000315e-01
2.579823954607458614e-01,8.366040074364809731e-02,1.063085381489448610e-02,7.592895038497043947e-02,3.228000000000000314e-01
4.662462798429145572e-02,-5.905152758777921368e-02,2.573697270471467582e-02,6.354717650187648170e-02,2.855000000000000315e-01
4.943744818211255332e-01,2.375205704882064339e-01,2.654387865655474452e-02,3.393951341317159170e-02,3.268999999999999684e-01
1.214247563785065154e+00,8.366040074364809731e-02,1.361965058851683126e-02,7.001059696220424122e-02,3.228000000000000314e-01
8.759848670724144082e-01,-3.078567610903260587e-01,2.648244099021314357e-02,8.586307371205388617e-02,2.862999999999999989e-01
9.670701683070273003e-01,4.732676749912064218e-01,1.053348972845660758e-02,1.990875155537121660e-02,3.864000000000000212e-01
-1.402870514323029116e-02,5.752388535031847938e-02,1.125110418894418977e-02,6.148476305544377934e-02,4.320000000000000506e-01
2.058302330032710792e-01,1.484548576045243706e-01,-1.828482774861201442e-03,6.702971798241180723e-02,5.745999999999999996e-01
-9.993111936182951238e-01,1.913902497791341861e-01,2.801011714807561531e-02,3.706141161681522633e-02,3.929999999999999605e-01
3.687212513643249867e-01,8.366040074364809731e-02,1.063085381489448610e-02,7.592895038497043947e-02,3.228000000000000314e-01
1.192396617501378930e-01,1.850707850707850044e-01,2.025886325267317253e-02,6.231509568213295519e-02,4.050999999999999601e-01
3.627696328581779817e-01,1.071292413267250776e-01,1.578947368421050601e-02,5.106148122067965395e-02,3.326000000000000068e-01
3.802190266689569054e-01,3.940273745333839131e-03,2.651398193021780800e-02,1.011719013088475394e-01,2.751000000000000112e-01
-3.577039211703177957e-01,8.366040074364809731e-02,1.977923509749052525e-02,7.246777729964541670e-02,3.228000000000000314e-01
-4.685637660734678356e-01,3.940273745333839131e-03,2.651398193021780800e-02,1.011719013088475394e-01,2.751000000000000112e-01
-4.774235811710438870e-01,-4.001696147322510999e-01,4.175543041803515126e-02,6.232893754665347341e-02,3.409000000000000363e-01
-4.620167267890118445e-02,1.913902497791341861e-01,2.699180104187448234e-02,3.756810592301833285e-02,3.929999999999999605e-01
1.265973987768129749e-01,1.878801042571676405e-01,2.057842046718569642e-02,8.196245052111714169e-02,3.467000000000000082e-01
5.031683758746519075e-02,1.071292413267250776e-01,1.664340215632038530e-02,5.830879722627342610e-02,3.326000000000000068e-01
-1.312539669926722219e-01,1.717485413137586903e-01,1.938974212058184113e-02,5.568655343296052829e-02,4.300999999999999823e-01
4.568949911832720367e-01,8.366040074364809731e-02,1.518367559543195786e-02,6.753179803907950751e-02,3.228000000000000314e-01
1.168105138728557701e+00,1.484548576045243706e-01,-1.828482774861201442e-03,6.702971798241180723e-02,5.745999999999999996e-01
-5.496935871904284898e-02,3.940273745333839131e-03,2.162343598871136266e-02,7.123754204884974461e-02,2.751000000000000112e-01
-5.163616926818757058e-01,-4.001696147322510999e-01,4.936927430572198711e-02,5.062368378422160697e-02,3.409000000000000363e-01
3.810642539706512455e-01,1.673819742489269513e-01,2.560975609756090468e-02,6.873453764645473529e-02,3.659000000000000585e-01
2.299179452241306709e-01,1.717485413137586903e-01,1.633487955256458790e-02,6.021825008800400780e-02,4.300999999999999823e-01
-2.082977166772451705e-01,1.484548576045243706e-01,-1.828482774861201442e-03,6.702971798241180723e-02,5.745999999999999996e-01
7.199452535315555846e-01,-5.905152758777921368e-02,4.306203473945405952e-02,5.915766337933692220e-02,2.855000000000000315e-01
8.306410874548975087e-02,1.512474632923481166e-01,3.163630859276461010e-02,5.082298246025986760e-02,2.703999999999999737e-01
3.580955417869846613e-01,8.366040074364809731e-02,1.361965058851683126e-02,7.001059696220424122e-02,3.228000000000000314e-01
2.508347512260551415e-01,-1.349862258953167526e-01,-3.993274485077716058e-04,5.583886675520147863e-02,3.403999999999999804e-01
3.451519734928023553e-01,3.940273745333839131e-03,2.651398193021780800e-02,1.011719013088475394e-01,2.751000000000000112e-01
1.317236179878673585e+00,1.913902497791341861e-01,2.949515086647111831e-02,4.297041960824775353e-02,3.929999999999999605e-01
-5.452357981888933391e-02,1.913902497791341861e-01,2.871547835316687336e-02,4.061003593220850055e-02,3.929999999999999605e-01
7.231119516123518665e-01,-3.078567610903260587e-01,1.895462377943717136e-02,1.008336070959264946e-01,2.862999999999999989e-01
-2.946872560315583200e-01,5.752388535031847938e-02,1.019322554193564760e-02,6.904416512238271963e-02,4.320000000000000506e-01
-2.250982234489459222e-01,1.512474632923481166e-01,2.681603264240853962e-02,4.747907064246086051e-02,2.703999999999999737e-01
-1.027818450024782226e-01,1.717485413137586903e-01,1.874877720841360007e-02,6.074154254025771610e-02,4.300999999999999823e-01
3.362381014352817665e-01,1.673819742489269513e-01,2.628361858190715952e-02,7.058851146740550975e-02,3.659000000000000585e-01
-4.129362220561001440e-01,1.484548576045243706e-01,2.361910880378661516e-03,9.567493258605194728e-02,5.745999999999999996e-01
-9.265480435942465842e-01,3.940273745333839131e-03,1.408450704225359430e-02,8.404943829953033518e-02,2.751000000000000112e-01
3.239989971196157725e-01,-5.905152758777921368e-02,2.778778778778774952e-02,5.306031933766996306e-02,2.855000000000000315e-01
1.797821670269001970e-01,1.295803782505909330e-01,3.167898627243927873e-02,3.933829980697758216e-02,2.808999999999999830e-01
4.749767621599714218e-01,1.484548576045243706e-01,1.838295869130281840e-02,6.447887111758360268e-02,5.745999999999999996e-01
5.345508322319587613e-01,2.375205704882064339e-01,3.189189189189192003e-02,4.907286627148586128e-02,3.268999999999999684e-01
4.737742595639904408e-01,5.752388535031847938e-02,8.525362211427311293e-03,5.700710591599038313e-02,4.320000000000000506e-01
1.034279079002009993e+00,1.295803782505909330e-01,3.007518796992493526e-02,5.386697285327641388e-02,2.808999999999999830e-01
-2.834808831283162078e-01,1.484548576045243706e-01,-1.281435798958607472e-02,9.409116342012470435e-02,5.745999999999999996e-01
-3.191892253259356327e-01,8.610681114551088644e-02,3.188929001203376357e-02,6.727883538633810945e-02,3.228999999999999648e-01
4.778162792029869710e-01,1.850707850707850044e-01,1.067415730337081814e-02,6.969174432797935193e-02,4.050999999999999601e-01
2.566601654892066708e-01,8.366040074364809731e-02,1.960681611844398292e-02,6.991533884429546042e-02,3.228000000000000314e-01
3.479389572553222010e-01,1.071292413267250776e-01,1.512202875763086866e-02,6.166696792975186192e-02,3.326000000000000068e-01
-7.023159739177685656e-01,1.484548576045243706e-01,-3.835562549173824731e-03,9.242704682392791082e-02,5.745999999999999996e-01
4.828701645624913219e-01,1.717485413137586903e-01,2.380612433440269446e-02,6.438652600760585987e-02,4.300999999999999823e-01
7.370897585719982104e-02,1.913902497791341861e-01,2.462743943334802163e-02,4.139769334435285802e-02,3.929999999999999605e-01
1.280428354832263693e-02,1.717485413137586903e-01,2.232963865003226994e-02,5.341821201217833437e-02,4.300999999999999823e-01
1.010100511559020475e+00,-3.078567610903260587e-01,3.533568904593639010e-02,6.623831276949990188e-02,2.862999999999999989e-01
3.846437397780919643e-01,2.375205704882064339e-01,2.654387865655474452e-02,3.393951341317159170e-02,3.268999999999999684e-01
3.111721833900924494e-01,8.366040074364809731e-02,1.594864668122563875e-02,8.059557228203301227e-02,3.228000000000000314e-01
6.884942353633984879e-01,1.850707850707850044e-01,2.198421645997748405e-02,6.966334048307376570e-02,4.050999999999999601e-01
-5.078933447763778197e-03,1.071292413267250776e-01,1.578947368421050601e-02,5.106148122067965395e-02,3.326000000000000068e-01
-2.457158799765362112e-01,1.474166121648135541e-01,3.597497393117819048e-02,4.702018708462394475e-02,2.923000000000000043e-01
-3.202522810595010982e-01,-4.001696147322510999e-01,4.026555413048721332e-02,6.331960588640420107e-02,3.409000000000000363e-01
6.476723058806195255e-01,1.484548576045243706e-01,1.838295869130281840e-02,6.447887111758360268e-02,5.745999999999999996e-01
-2.168774979185207341e-01,5.752388535031847938e-02,1.017799780165464484e-02,5.921052631578938019e-02,4.320000000000000506e-01
-4.312651801573456067e-01,8.610681114551088644e-02,3.757575757575750547e-02,5.877969469785931933e-02,3.228999999999999648e-01
2.254385535319605172e+00,8.366040074364809731e-02,1.518367559543195786e-02,6.753179803907950751e-02,3.228000000000000314e-01
3.046099696924746922e+02,1.913902497791341861e-01,2.070507620275158223e-02,4.698550045003811043e-02,3.929999999999999605e-01
-2.837100116224356983e-01,1.484548576045243706e-01,2.984650369527580560e-04,1.045654587530264468e-01,5.745999999999999996e-01
5.384796771139450655e-01,8.366040074364809731e-02,1.754416545376890832e-02,7.264871180226811775e-02,3.228000000000000314e-01
4.527499086258501837e-01,1.878801042571676405e-01,2.057842046718569642e-02,8.196245052111714169e-02,3.467000000000000082e-01
1.109049681102070917e+00,1.474166121648135541e-01,4.166666666666663660e-02,5.323493919985139433e-02,2.923000000000000043e-01
-2.430949550342786925e-02,8.366040074364809731e-02,1.473896212596777743e-02,7.149919978796925868e-02,3.228000000000000314e-01
-2.560525021984227934e-03,1.878801042571676405e-01,2.320441988950270110e-02,8.093254144136158290e-02,3.467000000000000082e-01
-5.061057798174362077e-02,8.610681114551088644e-02,3.188929001203376357e-02,6.727883538633810945e-02,3.228999999999999648e-01
-1.146534244543322423e-01,1.673819742489269513e-01,2.560975609756090468e-02,6.873453764645473529e-02,3.659000000000000585e-01
2.163882144272588626e-02,1.850707850707850044e-01,1.181767023072607080e-02,7.453076833027666437e-02,4.050999999999999601e-01
3.298045688259823027e-01,-5.905152758777921368e-02,2.755051749630361285e-02,6.816248251597005481e-02,2.855000000000000315e-01
5.679365842823347332e-01,1.913902497791341861e-01,2.522469928607038586e-02,3.630667693962697645e-02,3.929999999999999605e-01
6.330491876715484967e-01,4.732676749912064218e-01,1.143160911570278992e-02,3.275150371506082431e-02,3.864000000000000212e-01
3.193717948456686884e-02,1.913902497791341861e-01,2.801011714807561531e-02,3.706141161681522633e-02,3.929999999999999605e-01
3.107345502319933672e-01,1.673819742489269513e-01,2.621951219512201961e-02,6.438720110892914850e-02,3.659000000000000585e-01
5.022786024235674773e-01,1.071292413267250776e-01,1.992328635764309408e-02,6.329373781107983099e-02,3.326000000000000068e-01
-1.363803452485434775e-03,8.366040074364809731e-02,1.473896212596777743e-02,7.149919978796925868e-02,3.228000000000000314e-01
-1.881960306876115929e-01,-4.001696147322510999e-01,4.936927430572198711e-02,5.062368378422160697e-02,3.409000000000000363e-01
2.918224414933072719e-01,-1.349862258953167526e-01,-3.612974780596339328e-04,5.649176560704711331e-02,3.403999999999999804e-01
2.238433018815433329e-01,1.474166121648135541e-01,1.973684210526318802e-02,5.493992592369532912e-02,2.923000000000000043e-01
2.471977732538566119e-01,-3.078567610903260587e-01,2.719907407407400751e-02,8.558690555927654653e-02,2.862999999999999989e-01
-3.010085346938606854e-02,1.913902497791341861e-01,2.070507620275158223e-02,4.698550045003811043e-02,3.929999999999999605e-01
-6.980029954455324592e-02,1.878801042571676405e-01,2.112284602556966512e-02,8.094548089114284029e-02,3.467000000000000082e-01
3.537946064089834142e-01,1.913902497791341861e-01,2.871547835316687336e-02,4.061003593220850055e-02,3.929999999999999605e-01
1.318691433318506689e+00,8.610681114551088644e-02,3.221884498480249992e-02,6.051207751341321217e-02,3.228999999999999648e-01
3.359133074352377513e+00,8.610681114551088644e-02,3.411131059245970515e-02,5.771516618974242147e-02,3.228999999999999648e-01
1.068195953475758575e+00,1.484548576045243706e-01,-1.828482774861201442e-03,6.702971798241180723e-02,5.745999999999999996e-01
7.623362555442381172e-01,-1.349862258953167526e-01,-7.363739086642710156e-04,6.559433666382902262e-02,3.403999999999999804e-01
-8.758653040881592133e-02,5.752388535031847938e-02,1.373086813830994880e-02,5.686096659364731770e-02,4.320000000000000506e-01
-2.186283559760343609e-01,5.752388535031847938e-02,1.019322554193564760e-02,6.904416512238271963e-02,4.320000000000000506e-01
5.716772520028476912e-01,4.732676749912064218e-01,1.143682658159272426e-02,2.965554040433987862e-02,3.864000000000000212e-01
-2.578849633951850739e-01,8.610681114551088644e-02,3.188929001203376357e-02,6.727883538633810945e-02,3.228999999999999648e-01
6.462310403075810505e-01,2.375205704882064339e-01,3.051771117166209371e-02,4.692219910048994053e-02,3.268999999999999684e-01
1.460982643319922669e+00,5.752388535031847938e-02,1.062874502761034477e-02,7.294595827630538654e-02,4.320000000000000506e-01
1.718453527240659806e-01,-1.349862258953167526e-01,1.950792930057340842e-03,5.124784178307964511e-02,3.403999999999999804e-01
6.396870224498796276e-02,1.512474632923481166e-01,3.525199921357398403e-02,9.723862034181972314e-02,2.703999999999999737e-01
-2.971372938445440148e-01,5.752388535031847938e-02,1.692537162503790146e-02,7.033033326811458097e-02,4.320000000000000506e-01
-1.288638064428081487e-01,1.717485413137586903e-01,2.041128701976178961e-02,5.425370503762510371e-02,4.300999999999999823e-01
2.512189893519638506e-01,-1.349862258953167526e-01,1.695697796432303704e-03,5.812198332602012268e-02,3.403999999999999804e-01
-6.656025430587209080e-02,1.717485413137586903e-01,1.727978456372498625e-02,5.613884889286681334e-02,4.300999999999999823e-01
1.945504114831404507e-01,1.850707850707850044e-01,1.142204454597372902e-02,9.855604404468998325e-02,4.050999999999999601e-01
-2.237464722541093742e-02,-4.001696147322510999e-01,5.600122900253957925e-02,6.201093585122856994e-02,3.409000000000000363e-01
6.305760257637313959e-01,8.366040074364809731e-02,1.754416545376890832e-02,7.264871180226811775e-02,3.228000000000000314e-01
-1.393475392916339040e-01,1.717485413137586903e-01,1.874877720841360007e-02,6.074154254025771610e-02,4.300999999999999823e-01
-2.390224856231659700e-02,-3.078567610903260587e-01,3.732227488151648731e-02,6.321025772974830925e-02,2.862999999999999989e-01
6.017212413955774775e-01,1.295803782505909330e-01,2.530311017395894466e-02,3.529167531658708445e-02,2.808999999999999830e-01
9.787591323558204603e-01,1.673819742489269513e-01,1.605929586164295264e-02,8.647957301325734369e-02,3.659000000000000585e-01
-2.651390326156145560e-01,5.752388535031847938e-02,1.125110418894418977e-02,6.148476305544377934e-02,4.320000000000000506e-01
-1.782104923363247995e-02,8.610681114551088644e-02,2.738892270237370391e-02,6.130529765155665750e-02,3.228999999999999648e-01
8.456161649512023981e-01,1.878801042571676405e-01,2.109938922820661644e-02,8.416135118138524940e-02,3.467000000000000082e-01
7.292657867248824033e-01,4.732676749912064218e-01,1.172187605526961787e-02,3.303769138770145525e-02,3.864000000000000212e-01
3.450350309349072830e-01,3.940273745333839131e-03,2.162343598871136266e-02,7.123754204884974461e-02,2.751000000000000112e-01
-6.514864115425893498e-01,1.878801042571676405e-01,2.224694104560622637e-02,6.875613569428785932e-02,3.467000000000000082e-01
-2.438940915496834450e-01,1.673819742489269513e-01,1.605929586164295264e-02,8.647957301325734369e-02,3.659000000000000585e-01
6.148139499027600596e-01,1.071292413267250776e-01,1.992328635764309408e-02,6.329373781107983099e-02,3.326000000000000068e-01
7.648167916152446288e-01,-3.078567610903260587e-01,2.126436781609188781e-02,9.769181756520670112e-02,2.862999999999999989e-01
9.196490858950734371e-02,1.071292413267250776e-01,1.664340215632038530e-02,5.830879722627342610e-02,3.326000000000000068e-01
1.231699368158027497e+00,1.673819742489269513e-01,1.963190184049072931e-02,7.724880382775110854e-02,3.659000000000000585e-01
4.309245161431378701e-01,1.913902497791341861e-01,2.699180104187448234e-02,3.756810592301833285e-02,3.929999999999999605e-01
3.107598951803740572e-01,4.732676749912064218e-01,1.148104561839195271e-02,2.383856565967588936e-02,3.864000000000000212e-01
5.066839573284889209e-01,1.717485413137586903e-01,1.633487955256458790e-02,6.021825008800400780e-02,4.300999999999999823e-01
7.152816957394061426e-01,-5.905152758777921368e-02,2.778778778778774952e-02,5.306031933766996306e-02,2.855000000000000315e-01
-1.284515994480546208e-01,-4.001696147322510999e-01,1.069574691807390412e-02,7.333045868592677485e-02,3.409000000000000363e-01
1.370573516224480315e-01,3.940273745333839131e-03,1.663993762238505716e-02,9.630758358729746282e-02,2.751000000000000112e-01
1.545581024945186233e-01,1.878801042571676405e-01,2.224694104560622637e-02,6.875613569428785932e-02,3.467000000000000082e-01
2.564031456070205994e-01,8.366040074364809731e-02,1.594864668122563875e-02,8.059557228203301227e-02,3.228000000000000314e-01
-1.295906245886763175e-01,1.850707850707850044e-01,1.142204454597372902e-02,9.855604404468998325e-02,4.050999999999999601e-01
1.389903265917615816e-01,1.071292413267250776e-01,1.992328635764309408e-02,6.329373781107983099e-02,3.326000000000000068e-01
6.745482716336503870e-02,1.878801042571676405e-01,2.980877390326199319e-02,6.260850496153202993e-02,3.467000000000000082e-01
2.182664079064990936e-01,1.484548576045243706e-01,-1.828482774861201442e-03,6.702971798241180723e-02,5.745999999999999996e-01
-3.900542139650516882e-01,1.484548576045243706e-01,2.361910880378661516e-03,9.567493258605194728e-02,5.745999999999999996e-01
7.498384250762257786e-01,-5.905152758777921368e-02,4.306203473945405952e-02,5.915766337933692220e-02,2.855000000000000315e-01
6.317011801137550897e-02,1.512474632923481166e-01,3.868356841040298394e-02,9.911787737804583776e-02,2.703999999999999737e-01
-7.783998242671952283e-03,1.484548576045243706e-01,-1.281435798958607472e-02,9.409116342012470435e-02,5.745999999999999996e-01
4.044591674291719841e-02,1.717485413137586903e-01,1.727978456372498625e-02,5.613884889286681334e-02,4.300999999999999823e-01
3.047129678550302145e-01,-4.001696147322510999e-01,3.936889774827516397e-02,6.840504007890746418e-02,3.409000000000000363e-01
1.807950133412818960e-01,1.512474632923481166e-01,1.631846857448763025e-02,4.129776052270248132e-02,2.703999999999999737e-01
-9.089602282611863870e-02,1.295803782505909330e-01,3.641160949868076785e-02,4.250146967698883310e-02,2.808999999999999830e-01
-2.321003021682879197e-01,3.940273745333839131e-03,1.764133846085847931e-02,7.629481657198754208e-02,2.751000000000000112e-01
5.585170488788038234e-02,1.913902497791341861e-01,2.359711403972918412e-02,4.220888427126692766e-02,3.929999999999999605e-01
-8.001459558497747704e-02,1.717485413137586903e-01,2.199689878417295311e-02,6.161470848615150514e-02,4.300999999999999823e-01
4.085259854510181476e-02,5.752388535031847938e-02,1.635987520917607518e-02,7.317434210526309324e-02,4.320000000000000506e-01
2.992716731472777614e-01,3.940273745333839131e-03,1.704253774937600219e-02,9.742050526642230535e-02,2.751000000000000112e-01
-2.273613945799114466e-01,1.484548576045243706e-01,-2.097161353676055967e-02,8.765613709094653705e-02,5.745999999999999996e-01
3.271123484191922337e-01,2.375205704882064339e-01,1.693063899508462367e-02,4.846337730235440733e-02,3.268999999999999684e-01
-1.078725845283394769e-01,5.752388535031847938e-02,1.125110418894418977e-02,6.148476305544377934e-02,4.320000000000000506e-01
4.582279470373842312e-01,1.717485413137586903e-01,2.500042209052998413e-02,7.045640398675406813e-02,4.300999999999999823e-01
1.570593322345791965e+00,1.673819742489269513e-01,1.963190184049072931e-02,7.724880382775110854e-02,3.659000000000000585e-01
-1.182637596957355486e-01,1.673819742489269513e-01,2.621951219512201961e-02,6.438720110892914850e-02,3.659000000000000585e-01
-5.220017236403273753e-02,1.512474632923481166e-01,3.628715982221081271e-02,7.643556974265158788e-02,2.703999999999999737e-01
5.983367391365623789e-02,3.940273745333839131e-03,1.991282080664994944e-02,6.562031788606824401e-02,2.751000000000000112e-01
-5.198084095305827157e-01,1.913902497791341861e-01,2.070507620275158223e-02,4.698550045003811043e-02,3.929999999999999605e-01
-3.140215647809293520e-01,1.484548576045243706e-01,-1.281435798958607472e-02,9.409116342012470435e-02,5.745999999999999996e-01
5.174104742832246195e-01,1.878801042571676405e-01,2.109938922820661644e-02,8.416135118138524940e-02,3.467000000000000082e-01
4.894003024737108021e-01,1.717485413137586903e-01,2.500042209052998413e-02,7.045640398675406813e-02,4.300999999999999823e-01
-4.003594596572780384e-01,-3.078567610903260587e-01,2.126436781609188781e-02,9.769181756520670112e-02,2.862999999999999989e-01
1.987661972504830565e-01,1.913902497791341861e-01,2.462743943334802163e-02,4.139769334435285802e-02,3.929999999999999605e-01
9.751509432268523625e-02,3.940273745333839131e-03,2.302739811298943479e-02,1.013552012691743415e-01,2.751000000000000112e-01
8.110762745920063743e-02,8.366040074364809731e-02,1.594864668122563875e-02,8.059557228203301227e-02,3.228000000000000314e-01
-2.001603190696985557e-01,3.940273745333839131e-03,2.651398193021780800e-02,1.011719013088475394e-01,2.751000000000000112e-01
3.093749158717395975e-01,5.752388535031847938e-02,1.062874502761034477e-02,7.294595827630538654e-02,4.320000000000000506e-01
1.440816670479789785e-01,1.878801042571676405e-01,3.020134228187906431e-02,6.276729330834056320e-02,3.467000000000000082e-01
-5.353933134408199734e-01,8.610681114551088644e-02,2.738892270237370391e-02,6.130529765155665750e-02,3.228999999999999648e-01
6.202627033429510828e-01,-1.349862258953167526e-01,1.950792930057340842e-03,5.124784178307964511e-02,3.403999999999999804e-01
4.579808305469756924e-02,1.474166121648135541e-01,3.985317252228643553e-02,4.819013026052107462e-02,2.923000000000000043e-01
4.217432889800774021e-01,4.732676749912064218e-01,1.143160911570278992e-02,3.275150371506082431e-02,3.864000000000000212e-01
3.279074058118121027e-01,1.071292413267250776e-01,1.322355182370895353e-02,5.482764284019794876e-02,3.326000000000000068e-01
-2.089547777401045137e-01,-5.905152758777921368e-02,2.415198792148971763e-02,5.763341757098257995e-02,2.855000000000000315e-01
1.906809516852032704e-01,5.752388535031847938e-02,1.373086813830994880e-02,5.686096659364731770e-02,4.320000000000000506e-01
1.436223245894165945e-01,-5.905152758777921368e-02,1.970083374203038598e-02,6.378257653764160540e-02,2.855000000000000315e-01
6.204572428786503391e-01,1.474166121648135541e-01,3.985317252228643553e-02,4.819013026052107462e-02,2.923000000000000043e-01
-2.740098524108290912e-01,1.850707850707850044e-01,2.025886325267317253e-02,6.231509568213295519e-02,4.050999999999999601e-01
2.123353938237838801e+00,1.913902497791341861e-01,2.211795421238656884e-02,4.266260284667595937e-02,3.929999999999999605e-01
1.693248363014565605e-01,2.375205704882064339e-01,3.523035230352303260e-02,5.581241743725231380e-02,3.268999999999999684e-01
-2.921675685581206494e-01,1.673819742489269513e-01,2.628361858190715952e-02,7.058851146740550975e-02,3.659000000000000585e-01
-1.329168621070550005e-01,-4.001696147322510999e-01,5.371855115262345881e-02,6.156698613515827062e-02,3.409000000000000363e-01
-3.673224389351653629e-01,5.752388535031847938e-02,1.373086813830994880e-02,5.686096659364731770e-02,4.320000000000000506e-01
2.884268614782916629e-01,8.610681114551088644e-02,3.448275862068972408e-02,6.250136489703211895e-02,3.228999999999999648e-01
1.585708283877347302e-01,1.717485413137586903e-01,2.041128701976178961e-02,5.425370503762510371e-02,4.300999999999999823e-01
1.351898518213056732e+00,1.850707850707850044e-01,1.142204454597372902e-02,9.855604404468998325e-02,4.050999999999999601e-01
6.509631122822852056e-01,1.717485413137586903e-01,1.938974212058184113e-02,5.568655343296052829e-02,4.300999999999999823e-01
3.248879765057424152e-01,4.732676749912064218e-01,1.172187605526961787e-02,3.303769138770145525e-02,3.864000000000000212e-01
8.325442757766521318e-02,8.366040074364809731e-02,9.636127046434048854e-03,6.321373889468591412e-02,3.228000000000000314e-01
2.391234803905835093e-01,1.850707850707850044e-01,1.802816901408444208e-02,7.650325545767905355e-02,4.050999999999999601e-01
9.169628041880817371e-02,1.512474632923481166e-01,3.568645784634565110e-02,5.433462562473717616e-02,2.703999999999999737e-01
2.609518421470313765e-01,4.732676749912064218e-01,1.143160911570278992e-02,3.275150371506082431e-02,3.864000000000000212e-01
2.886272830258294064e-01,1.717485413137586903e-01,1.874877720841360007e-02,6.074154254025771610e-02,4.300999999999999823e-01
-4.471643938546699948e-01,1.484548576045243706e-01,-1.426776043689868476e-02,9.263119731713943816e-02,5.745999999999999996e-01
3.800460958251736798e-01,1.673819742489269513e-01,2.144607843137254916e-02,7.326695026022486679e-02,3.659000000000000585e-01
3.475115642006252337e-01,-1.349862258953167526e-01,5.017975786678871390e-03,6.104301642634086394e-02,3.403999999999999804e-01
4.336256060978269655e-01,1.295803782505909330e-01,3.455497382198950002e-02,3.875508289020959674e-02,2.808999999999999830e-01
1.514273879432761483e-01,3.940273745333839131e-03,2.871098780438216883e-02,1.007827126519748595e-01,2.751000000000000112e-01
-1.503533881374461423e-01,1.484548576045243706e-01,-7.368857152167125613e-03,8.570091149050144963e-02,5.745999999999999996e-01
4.512716266210541338e-01,-3.078567610903260587e-01,1.895462377943717136e-02,1.008336070959264946e-01,2.862999999999999989e-01
4.827196077233881777e-01,1.850707850707850044e-01,1.639344262295085175e-02,7.751376128817424882e-02,4.050999999999999601e-01
2.959762049362921754e-01,1.850707850707850044e-01,2.198421645997748405e-02,6.966334048307376570e-02,4.050999999999999601e-01
6.842279940384232706e-01,1.717485413137586903e-01,2.500042209052998413e-02,7.045640398675406813e-02,4.300999999999999823e-01
-1.970492315182278409e-01,1.474166121648135541e-01,3.818737270875763312e-02,5.088852988691446727e-02,2.923000000000000043e-01
1.438866709631148044e-01,1.673819742489269513e-01,1.605929586164295264e-02,8.647957301325734369e-02,3.659000000000000585e-01
-1.737119656360786024e-02,5.752388535031847938e-02,1.019322554193564760e-02,6.904416512238271963e-02,4.320000000000000506e-01
3.445202057402187990e-01,-3.078567610903260587e-01,2.920560747663551726e-02,7.739885256041131867e-02,2.862999999999999989e-01
-2.630072730134853654e-01,-1.349862258953167526e-01,-1.995174461766945160e-03,6.177282850779506479e-02,3.403999999999999804e-01
-2.325625614397203167e-01,1.878801042571676405e-01,3.020134228187906431e-02,6.276729330834056320e-02,3.467000000000000082e-01
-1.174161777357984882e-01,1.913902497791341861e-01,2.522469928607038586e-02,3.630667693962697645e-02,3.929999999999999605e-01
-4.296941647338008430e-01,1.878801042571676405e-01,3.020134228187906431e-02,6.276729330834056320e-02,3.467000000000000082e-01
1.596485508939421205e+00,4.732676749912064218e-01,2.313959446943945550e-02,2.196587358807969986e-02,3.864000000000000212e-01
1.686978140626724798e-01,-1.349862258953167526e-01,1.237712036854516154e-03,5.412153608102408808e-02,3.403999999999999804e-01
-7.703185731657191671e-02,4.732676749912064218e-01,1.143682658159272426e-02,2.965554040433987862e-02,3.864000000000000212e-01
-1.597737653728449336e-01,-4.001696147322510999e-01,5.600122900253957925e-02,6.201093585122856994e-02,3.409000000000000363e-01
-2.733155317634646808e-01,1.512474632923481166e-01,3.525199921357398403e-02,9.723862034181972314e-02,2.703999999999999737e-01
-1.574962253805947121e-01,5.752388535031847938e-02,1.125110418894418977e-02,6.148476305544377934e-02,4.320000000000000506e-01
2.116078118763686788e-02,1.512474632923481166e-01,1.631846857448763025e-02,4.129776052270248132e-02,2.703999999999999737e-01
6.274824819740343340e-01,-1.349862258953167526e-01,1.950792930057340842e-03,5.124784178307964511e-02,3.403999999999999804e-01
1.326689473290265653e-01,1.484548576045243706e-01,-1.484348611960604157e-02,8.445169327186093089e-02,5.745999999999999996e-01
1.176273757683342414e+00,4.732676749912064218e-01,2.625708642957621727e-02,2.313076755395160680e-02,3.864000000000000212e-01
7.657439397998109243e-01,1.717485413137586903e-01,2.232963865003226994e-02,5.341821201217833437e-02,4.300999999999999823e-01
4.999155830380670462e-01,8.366040074364809731e-02,1.184925261552152720e-02,6.395886181739524057e-02,3.228000000000000314e-01
5.261951239664899305e-01,8.366040074364809731e-02,1.473896212596777743e-02,7.149919978796925868e-02,3.228000000000000314e-01
-2.266266826067586670e-02,1.673819742489269513e-01,2.276923076923069791e-02,7.639291932675579266e-02,3.659000000000000585e-01
4.161268746752784242e-01,-1.349862258953167526e-01,5.017975786678871390e-03,6.104301642634086394e-02,3.403999999999999804e-01
-1.263678437747687289e-01,-3.078567610903260587e-01,3.732227488151648731e-02,6.321025772974830925e-02,2.862999999999999989e-01
5.960245971685456112e-01,1.071292413267250776e-01,1.512202875763086866e-02,6.166696792975186192e-02,3.326000000000000068e-01
1.155380082820154364e-01,3.940273745333839131e-03,2.302739811298943479e-02,1.013552012691743415e-01,2.751000000000000112e-01
2.737176095159297162e-01,8.366040074364809731e-02,1.473896212596777743e-02,7.149919978796925868e-02,3.228000000000000314e-01
-7.985327684872833842e-01,1.484548576045243706e-01,2.361910880378661516e-03,9.567493258605194728e-02,5.745999999999999996e-01
3.730382084320085223e-01,1.071292413267250776e-01,1.699611334162826753e-02,6.495918575819767393e-02,3.326000000000000068e-01
-3.437408621490043448e-01,1.484548576045243706e-01,2.984650369527580560e-04,1.045654587530264468e-01,5.745999999999999996e-01
9.452649937945820646e-01,1.474166121648135541e-01,4.166666666666663660e-02,5.323493919985139433e-02,2.923000000000000043e-01
3.919932836125483711e-01,4.732676749912064218e-01,2.236447195648085320e-02,2.012024240101559572e-02,3.864000000000000212e-01
4.218557704580085943e-01,5.752388535031847938e-02,1.062874502761034477e-02,7.294595827630538654e-02,4.320000000000000506e-01
4.155778667475100718e-01,8.366040074364809731e-02,1.594864668122563875e-02,8.059557228203301227e-02,3.228000000000000314e-01
6.300302802981596617e-01,1.913902497791341861e-01,2.871547835316687336e-02,4.061003593220850055e-02,3.929999999999999605e-01
1.066560430721950947e+00,1.673819742489269513e-01,1.670792079207931297e-02,8.367241251757040477e-02,3.659000000000000585e-01
2.052245645805639285e-02,-1.349862258953167526e-01,1.705744357355553492e-03,5.390882301958745126e-02,3.403999999999999804e-01
4.127621868273021466e-01,-3.078567610903260587e-01,2.920560747663551726e-02,7.739885256041131867e-02,2.862999999999999989e-01
5.227816808768277479e-01,-5.905152758777921368e-02,4.306203473945405952e-02,5.915766337933692220e-02,2.855000000000000315e-01
1.298718596409553783e-02,5.752388535031847938e-02,9.973264945230831888e-03,6.618015012510425343e-02,4.320000000000000506e-01
-1.592040266634516810e-01,1.913902497791341861e-01,2.801011714807561531e-02,3.706141161681522633e-02,3.929999999999999605e-01
1.190778322491171437e+00,1.878801042571676405e-01,2.158273381294967264e-02,8.286044650004451007e-02,3.467000000000000082e-01
5.457391070390762433e-01,5.752388535031847938e-02,8.525362211427311293e-03,5.700710591599038313e-02,4.320000000000000506e-01
7.583605451447783530e-01,1.878801042571676405e-01,2.109938922820661644e-02,8.416135118138524940e-02,3.467000000000000082e-01
5.197813758709204368e-01,3.940273745333839131e-03,1.663993762238505716e-02,9.630758358729746282e-02,2.751000000000000112e-01
2.246180276277327525e-01,5.752388535031847938e-02,1.017799780165464484e-02,5.921052631578938019e-02,4.320000000000000506e-01
6.791003634154721968e-01,3.940273745333839131e-03,1.704253774937600219e-02,9.742050526642230535e-02,2.751000000000000112e-01
5.457261467651890463e-01,1.717485413137586903e-01,1.874877720841360007e-02,6.074154254025771610e-02,4.300999999999999823e-01
5.845147796310377064e-01,3.940273745333839131e-03,1.991282080664994944e-02,6.562031788606824401e-02,2.751000000000000112e-01
-3.250228617963164535e-01,-4.001696147322510999e-01,3.981456231251698230e-02,6.949416670176473965e-02,3.409000000000000363e-01
2.289157313877761002e-01,-4.001696147322510999e-01,3.936889774827516397e-02,6.840504007890746418e-02,3.409000000000000363e-01
5.993135048072759652e-01,1.878801042571676405e-01,2.158273381294967264e-02,8.286044650004451007e-02,3.467000000000000082e-01
-1.405196053743625884e-01,1.717485413137586903e-01,1.874877720841360007e-02,6.074154254025771610e-02,4.300999999999999823e-01
3.823419755855155255e-01,1.474166121648135541e-01,2.062374245472833878e-02,5.302397619083770025e-02,2.923000000000000043e-01
1.331759421950107214e-01,1.474166121648135541e-01,3.362648732540093194e-02,5.168231855214870663e-02,2.923000000000000043e-01
2.441982734795411503e-01,5.752388535031847938e-02,8.525362211427311293e-03,5.700710591599038313e-02,4.320000000000000506e-01
-9.697589799434358504e-02,1.878801042571676405e-01,3.020134228187906431e-02,6.276729330834056320e-02,3.467000000000000082e-01
-3.465031127740456629e-01,5.752388535031847938e-02,1.062874502761034477e-02,7.294595827630538654e-02,4.320000000000000506e-01
4.955496851116514279e-03,-1.349862258953167526e-01,-7.363739086642710156e-04,6.559433666382902262e-02,3.403999999999999804e-01
3.707559593274594167e-01,4.732676749912064218e-01,2.020986084093970986e-02,1.848195808853257682e-02,3.864000000000000212e-01
3.708827387871838077e-02,4.732676749912064218e-01,1.148104561839195271e-02,2.383856565967588936e-02,3.864000000000000212e-01
-1.749672256800882675e-01,1.878801042571676405e-01,2.224694104560622637e-02,6.875613569428785932e-02,3.467000000000000082e-01
8.110516135125733772e-01,-3.078567610903260587e-01,1.895462377943717136e-02,1.008336070959264946e-01,2.862999999999999989e-01
3.371706949911228435e-01,1.512474632923481166e-01,3.558828252242334650e-02,5.227444373438675657e-02,2.703999999999999737e-01
3.192492645294886522e-01,1.484548576045243706e-01,-1.426776043689868476e-02,9.263119731713943816e-02,5.745999999999999996e-01
3.101378667123535493e-01,-5.905152758777921368e-02,2.778778778778774952e-02,5.306031933766996306e-02,2.855000000000000315e-01
9.212987340430178751e-01,8.366040074364809731e-02,9.636127046434048854e-03,6.321373889468591412e-02,3.228000000000000314e-01
6.208386771856656772e+00,3.940273745333839131e-03,2.162343598871136266e-02,7.123754204884974461e-02,2.751000000000000112e-01
